"country","Development_Regions","Sex","lr_a","lr_y","cr_p","cr_ls","cr_us","os_p","os_ls","os_us","income_group","eduyears_2024_m","comp_higher_2yrs_2529_m","attend_higher_1822_m"
"Afghanistan","Least Developed","Female",29.8052101135254,56.2547492980957,"40.200000762939453","25.631340026855469","14.365360260009766","47.099998474121094","56.114070892333984","72.725257873535156","Low income countries",2.6946,12.94,5.87
"Afghanistan","Least Developed","Male",55.4754486083984,74.0848007202148,"67.199996948242188","49.296501159667969","32.315559387207031","27.799999237060547","25.355260848999023","42.885768890380859","Low income countries",6.4022,13.68,10.82
"Albania","More Developed","Female",97.7611236572266,99.629997253418,"95.698371887207031","97.412567138671875","79.857063293457031","2.0999999046325684","2.0999999046325684","12","Upper middle income countries",10.3952,21.96,23.79
"Albania","More Developed","Male",98.5136184692383,99.0500030517578,"94.155960083007812","97.929046630859375","76.226806640625","2.5999999046325684","2.2000000476837158","12.399999618530273","Upper middle income countries",10.4712,18.93,15.63
"Algeria","Less Developed","Female",75.3229675292969,97.2521591186523,"96.47161865234375","78.171562194824219","59.164451599121094","1.7521799802780151","4.2468547821044922","17.50255012512207","Lower middle income countries",NA,NA,NA
"Algeria","Less Developed","Male",87.4229583740234,97.5940628051758,"93.074371337890625","60.489948272705078","34.630588531494141","1.8661539554595947","4.0125489234924316","27.437799453735352","Lower middle income countries",NA,NA,NA
"Angola","Least Developed","Female",NA,NA,"56.631340026855469","31.708269119262695","15.210189819335938","22.13231086730957","16.864519119262695","35.406719207763672","Lower middle income countries",6.4475,NA,NA
"Angola","Least Developed","Male",NA,NA,"63.278900146484375","42.056301116943359","23.698139190673828","21.267629623413086","13.526670455932617","21.075099945068359","Lower middle income countries",8.3497,NA,NA
"Argentina","Less Developed","Female",99.0620422363281,99.7576522827148,"98.040077209472656","84.934196472167969","65.963851928710938","0.22713570296764374","1.069849967956543","5.8911499977111816","Upper middle income countries",12.0732,NA,45.12
"Argentina","Less Developed","Male",98.9377365112305,99.241828918457,"95.666923522949219","74.320808410644531","54.310710906982422","0.30022931098937988","1.2050759792327881","7.7867188453674316","Upper middle income countries",11.1738,NA,32.1
"Armenia","Less Developed","Female",NA,NA,"99.112640380859375","99.152008056640625","79.394546508789062","4.3000001907348633","0.89999997615814209","4.4000000953674316","Upper middle income countries",12.7051,61.8,33.68
"Armenia","Less Developed","Male",NA,NA,"99.389251708984375","94.619598388671875","68.794181823730469","4.5999999046325684","0.69999998807907104","8.6999998092651367","Upper middle income countries",11.5425,49.48,32.72
"Australia","More Developed","Female",NA,NA,NA,NA,NA,NA,NA,NA,"High income countries",13.0102,NA,NA
"Australia","More Developed","Male",NA,NA,NA,NA,NA,NA,NA,NA,"High income countries",12.2674,NA,NA
"Azerbaijan","Less Developed","Female",NA,NA,NA,NA,NA,NA,NA,NA,"Upper middle income countries",11.0861,18.06,15.2
"Azerbaijan","Less Developed","Male",NA,NA,NA,NA,NA,NA,NA,NA,"Upper middle income countries",11.0539,26.91,17.88
"Bahrain","Less Developed","Female",94.9488830566406,99.3013381958008,NA,NA,NA,NA,NA,NA,"High income countries",NA,NA,NA
"Bahrain","Less Developed","Male",98.7631683349609,99.9761428833008,NA,NA,NA,NA,NA,NA,"High income countries",NA,NA,NA
"Bangladesh","Least Developed","Female",71.9483871459961,96.087760925293,"89.099998474121094","70.5","27.299999237060547","4.5","8","26.100000381469727","Lower middle income countries",7.078,11.66,10.51
"Bangladesh","Least Developed","Male",77.4414901733398,93.7046966552734,"76.300003051757812","59.200000762939453","31.5","8.1000003814697266","17.899999618530273","36.5","Lower middle income countries",6.7247,17.79,21.29
"Barbados","Less Developed","Female",NA,NA,"99.199996948242188","97.900001525878906","96.900001525878906","1.1000000238418579","1.2205970287322998","1.279013991355896","High income countries",NA,45.69,46.89
"Barbados","Less Developed","Male",NA,NA,"98.699996948242188","98","91.199996948242188","0","1.1188499927520752","0","High income countries",NA,31.05,26.24
"Belarus","More Developed","Female",99.7251815795898,99.870002746582,"100","98.784286499023438","98.489067077636719","2.4108299985527992E-2","0.31680470705032349","0.76605880260467529","Upper middle income countries",NA,54.88,51.4
"Belarus","More Developed","Male",99.7939834594727,99.8300018310547,"99.864349365234375","98.814773559570312","97.820289611816406","0.13570840656757355","0","0.72732079029083252","Upper middle income countries",NA,43.6,38.01
"Belize","Less Developed","Female",NA,NA,"96","65.5","50.700000762939453","2","8.5","35.099998474121094","Upper middle income countries",NA,2.45,16.76
"Belize","Less Developed","Male",NA,NA,"94.800003051757812","54.799999237060547","47.5","2.2999999523162842","9.6999998092651367","30.399999618530273","Upper middle income countries",NA,0.58,11.57
"Benin","Least Developed","Female",31.0716495513916,51.9436187744141,"44.196468353271484","13.410309791564941","5.440436840057373","34.700000762939453","46.799999237060547","66.099998474121094","Lower middle income countries",3.4801,2.96,3.24
"Benin","Least Developed","Male",53.9770317077637,69.7611770629883,"51.015979766845703","25.08650016784668","12.060179710388184","28.299999237060547","36.200000762939453","49.900001525878906","Lower middle income countries",6.8556,10.53,5.81
"Bhutan","Least Developed","Female",NA,NA,"70.800003051757812","37.599998474121094","17.700000762939453","7.0999999046325684","18.359540939331055","40.069839477539062","Lower middle income countries",NA,NA,8.31
"Bhutan","Least Developed","Male",NA,NA,"66.5","40.5","25.100000381469727","8.6000003814697266","20.152599334716797","38.692710876464844","Lower middle income countries",NA,NA,7.67
"Bolivia (Plurinational State of)","Less Developed","Female",NA,NA,"93.38775634765625","81.559921264648438","65.402481079101562","2.7986879348754883","4.1932659149169922","11.579500198364258",NA,NA,NA,NA
"Bolivia (Plurinational State of)","Less Developed","Male",NA,NA,"91.487007141113281","84.25390625","66.120231628417969","2.768373966217041","4.1562142372131348","10.169090270996094",NA,NA,NA,NA
"Bosnia and Herzegovina","More Developed","Female",NA,NA,"99.900001525878906","96.900001525878906","92","3.9000000953674316","1.2000000476837158","5.6999998092651367",NA,NA,NA,NA
"Bosnia and Herzegovina","More Developed","Male",NA,NA,"99.199996948242188","96.800003051757812","92.300003051757812","2.2000000476837158","0.60000002384185791","7.8000001907348633",NA,NA,NA,NA
"Botswana","Less Developed","Female",NA,NA,"97.699996948242188","91.599998474121094","66.400001525878906","1","4.5","28","Upper middle income countries",NA,NA,NA
"Botswana","Less Developed","Male",NA,NA,"95.099998474121094","91.5","55.400001525878906","1.2999999523162842","4","36.299999237060547","Upper middle income countries",NA,NA,NA
"Brazil","Less Developed","Female",93.4250717163086,99.4315338134766,"96.5","88.599998474121094","74.699996948242188","0.37384518980979919","1.0411089658737183","7.2619600296020508","Upper middle income countries",10.572,21.55,22.35
"Brazil","Less Developed","Male",93.0090408325195,98.9835815429688,"94.599998474121094","80.900001525878906","64.699996948242188","0.60525417327880859","0.96669507026672363","8.0348052978515625","Upper middle income countries",9.7633,16.19,15.43
"Brunei Darussalam","Less Developed","Female",96.3012619018555,99.7896575927734,NA,NA,NA,NA,NA,NA,NA,NA,NA,NA
"Brunei Darussalam","Less Developed","Male",98.0536193847656,99.6351623535156,NA,NA,NA,NA,NA,NA,NA,NA,NA,NA
"Burkina Faso","Least Developed","Female",32.6876182556152,54.6699981689453,"29.399999618530273","5.5999999046325684","2.2999999523162842","50","58.5","79.244873046875","Low income countries",2.1657,0.92,3.05
"Burkina Faso","Least Developed","Male",50.0745887756348,61.7900009155273,"31.799999237060547","13.199999809265137","6.3000001907348633","46.299999237060547","55.599998474121094","68.9677734375","Low income countries",3.7887,3.06,2.87
"Burundi","Least Developed","Female",NA,NA,"54.099998474121094","19.399999618530273","3.4000000953674316","17.600000381469727","28.299999237060547","54.298900604248047","Low income countries",3.4936,1.61,0.45
"Burundi","Least Developed","Male",NA,NA,"46","25.700000762939453","3.5999999046325684","17.799999237060547","30.5","52.620830535888672","Low income countries",4.942,2.12,0.61
"Cambodia","Least Developed","Female",NA,NA,"78.800003051757812","38.900001525878906","19.799999237060547","5.3513078689575195","24.865890502929688","61.921058654785156","Lower middle income countries",7.3109,7.4,8.14
"Cambodia","Least Developed","Male",NA,NA,"68.199996948242188","41","20.100000381469727","7.3545079231262207","25.548189163208008","58.068149566650391","Lower middle income countries",7.6128,11.47,8.89
"Cameroon","Less Developed","Female",71.5862731933594,82.4100036621094,"73.622650146484375","43.021049499511719","20.780630111694336","17.127880096435547","22.046489715576172","48.626708984375","Lower middle income countries",8.0375,7.8,10.65
"Cameroon","Less Developed","Male",82.6280364990234,87.7200012207031,"74.991523742675781","52.142410278320312","25.638069152832031","13.560480117797852","16.052120208740234","33.939640045166016","Lower middle income countries",9.5477,10.52,9.95
"Canada","More Developed","Female",NA,NA,NA,NA,NA,NA,NA,NA,"High income countries",12.8405,NA,NA
"Canada","More Developed","Male",NA,NA,NA,NA,NA,NA,NA,NA,"High income countries",12.3908,NA,NA
"Central African Republic","Least Developed","Female",25.7563800811768,28.7066593170166,"23.639120101928711","10.158510208129883","5.1652321815490723","29.990959167480469","30.182819366455078","63.468070983886719",NA,NA,NA,NA
"Central African Republic","Least Developed","Male",49.514591217041,47.804931640625,"29.803449630737305","15.066869735717773","7.5470662117004395","23.181890487670898","18.27256965637207","32.752521514892578",NA,NA,NA,NA
"Chad","Least Developed","Female",NA,NA,"23.310510635375977","9.0356950759887695","2.7045280933380127","59.425849914550781","58.047481536865234","73.705436706542969","Low income countries",3.1758,6.96,2.89
"Chad","Least Developed","Male",NA,NA,"30.330379486083984","17.827529907226562","6.7123079299926758","54.290580749511719","47.21820068359375","53.932308197021484","Low income countries",5.8596,9.72,3.01
"Chile","Less Developed","Female",NA,NA,"96.917068481445312","96.90509033203125","88.080390930175781","0.89999997615814209","0.60000002384185791","2.5999999046325684","High income countries",13.5552,NA,45.33
"Chile","Less Developed","Male",NA,NA,"95.688240051269531","94.346908569335938","83.068702697753906","1.7000000476837158","0.40000000596046448","2.5","High income countries",13.1624,NA,41.68
"China","Less Developed","Female",95.1593322753906,99.7833786010742,"97","93.400001525878906","67.300003051757812","5.1999998092651367","3.2000000476837158","12.699999809265137","Upper middle income countries",11.1729,34.88,37.65
"China","Less Developed","Male",98.4665374755859,99.7837905883789,"97.099998474121094","92.900001525878906","63","5.1999998092651367","3.4000000953674316","15.800000190734863","Upper middle income countries",10.7277,32.69,26.16
"Colombia","Less Developed","Female",95.3189163208008,99.0696029663086,"94.699996948242188","81.203506469726562","78.236473083496094","1.6109199523925781","2.7999999523162842","15.626609802246094","Upper middle income countries",11.3187,47.68,37.28
"Colombia","Less Developed","Male",94.8518295288086,98.6338272094727,"91.400001525878906","73.86260986328125","69.195297241210938","2.1986548900604248","4.4000000953674316","17.111970901489258","Upper middle income countries",10.5691,37.38,29.37
"Comoros","Least Developed","Female",52.9563903808594,78.302360534668,"76.800003051757812","45","31.700000762939453","14.600000381469727","14.149539947509766","29.391450881958008","Lower middle income countries",8.0081,16.98,7.86
"Comoros","Least Developed","Male",64.6442031860352,78.2394104003906,"75.099998474121094","47.400001525878906","23.600000381469727","14.100000381469727","14.693160057067871","24.615219116210938","Lower middle income countries",7.998,16.87,5.05
"Congo","Less Developed","Female",74.6187591552734,78.7423095703125,"81.669937133789062","44.904350280761719","19.34861946105957","3","7.7695388793945312","30.803329467773438","Lower middle income countries",8.2156,6.34,7.19
"Congo","Less Developed","Male",86.0765075683594,85.3416519165039,"78.335166931152344","56.420841217041016","27.795320510864258","3.2999999523162842","6.0697331428527832","19.988189697265625","Lower middle income countries",8.8969,11,8.03
"Costa Rica","Less Developed","Female",97.924430847168,99.5299987792969,"98.637870788574219","75.538803100585938","60.406818389892578","1.3398400545120239","2.8940560817718506","7.7773160934448242","Upper middle income countries",11.1821,34.75,33.57
"Costa Rica","Less Developed","Male",97.8023529052734,99.3399963378906,"97.71502685546875","70.45794677734375","55.818000793457031","1.3490279912948608","2.3229780197143555","10.94264030456543","Upper middle income countries",10.8561,27.51,26.73
"Côte d'Ivoire","Less Developed","Female",40.4993705749512,53.0251007080078,"53.099998474121094","22","14.600000381469727","25.700000762939453","38.119308471679688","66.147743225097656","Lower middle income countries",4.0782,5.45,2.96
"Côte d'Ivoire","Less Developed","Male",53.6569404602051,63.8449211120605,"59.700000762939453","36","17.200000762939453","20.5","27.226869583129883","45.904380798339844","Lower middle income countries",6.0036,11.92,4.09
"Cuba","Less Developed","Female",NA,NA,"99.840606689453125","95.0936279296875","63.468101501464844","1.0495469570159912","1.593021035194397","17.590660095214844","Upper middle income countries",NA,NA,NA
"Cuba","Less Developed","Male",NA,NA,"99.5","93.281936645507812","54.493648529052734","0.9061095118522644","2.7560760974884033","24.285060882568359","Upper middle income countries",NA,NA,NA
"Democratic People's Republic of Korea","Less Developed","Female",NA,NA,"100","99.900001525878906","100","3.4000000953674316","0.30000001192092896","0.5",NA,NA,NA,NA
"Democratic People's Republic of Korea","Less Developed","Male",NA,NA,"100","99.800003051757812","99.699996948242188","3.2999999523162842","0","0.69999998807907104",NA,NA,NA,NA
"Democratic Republic of the Congo","Least Developed","Female",NA,NA,"66.262306213378906","51.716011047363281","26.741029739379883","22.341520309448242","17.70612907409668","33.280990600585938",NA,NA,NA,NA
"Democratic Republic of the Congo","Least Developed","Male",NA,NA,"67.099716186523438","57.553798675537109","36.384040832519531","20.932109832763672","15.76399040222168","23.850879669189453",NA,NA,NA,NA
"Djibouti","Least Developed","Female",NA,NA,NA,NA,NA,NA,NA,NA,"Lower middle income countries",NA,NA,11.33
"Djibouti","Least Developed","Male",NA,NA,NA,NA,NA,NA,NA,NA,"Lower middle income countries",NA,NA,10.34
"Dominican Republic","Less Developed","Female",NA,NA,"93.310111999511719","83.459266662597656","71.418952941894531","2.9356520175933838","2.3194820880889893","15.728890419006348",NA,NA,NA,NA
"Dominican Republic","Less Developed","Male",NA,NA,"88.013198852539062","70.344963073730469","50.961128234863281","3.0411760807037354","4.3871340751647949","17.113580703735352",NA,NA,NA,NA
"Ecuador","Less Developed","Female",NA,NA,"98.400001525878906","91.599998474121094","79.400001525878906","1.5","5.4000000953674316","15.100000381469727","Upper middle income countries",11.4506,NA,NA
"Ecuador","Less Developed","Male",NA,NA,"98","88.900001525878906","77.699996948242188","1","6.5999999046325684","14.5","Upper middle income countries",10.9974,NA,NA
"Egypt","Less Developed","Female",NA,NA,"91.55706787109375","81.26873779296875","40.901008605957031","3.2999999523162842","10.320440292358398","26.984769821166992","Lower middle income countries",10.1413,21.08,18.71
"Egypt","Less Developed","Male",NA,NA,"90.5302734375","79.407623291015625","43.020339965820312","2.9000000953674316","9.5404262542724609","20.813699722290039","Lower middle income countries",10.5192,21.71,20.42
"El Salvador","Less Developed","Female",87.2341384887695,98.2106781005859,"88.599998474121094","73.900001525878906","36.299999237060547","3.2000000476837158","15.199999809265137","35","Lower middle income countries",NA,22.17,18.27
"El Salvador","Less Developed","Male",91.1023406982422,97.7274475097656,"84.300003051757812","72.699996948242188","33.5","3.7999999523162842","14.300000190734863","34.700000762939453","Lower middle income countries",NA,19.85,15.95
"Eritrea","Least Developed","Female",68.9461898803711,92.7140274047852,NA,NA,NA,NA,NA,NA,NA,NA,NA,NA
"Eritrea","Least Developed","Male",84.3732376098633,93.8186798095703,NA,NA,NA,NA,NA,NA,NA,NA,NA,NA
"Eswatini","Less Developed","Female",88.5426864624023,96.6952514648438,"76.899360656738281","54.148529052734375","33.314918518066406","1.2000000476837158","4.1999998092651367","23.799999237060547","Lower middle income countries",8.7397,12.83,4.89
"Eswatini","Less Developed","Male",88.2875823974609,94.2976913452148,"64.168998718261719","47.111518859863281","31.150659561157227","1.6000000238418579","4.6999998092651367","11.600000381469727","Lower middle income countries",8.5852,14.29,4.15
"Ethiopia","Least Developed","Female",NA,NA,"47.801689147949219","22.337129592895508","13.563289642333984","24.5","31.299999237060547","59.444908142089844","Low income countries",4.9767,7.77,5.57
"Ethiopia","Least Developed","Male",NA,NA,"47.053791046142578","19.410539627075195","10.550479888916016","25.799999237060547","30.200000762939453","47.962921142578125","Low income countries",6.2821,14.39,5.33
"Gabon","Less Developed","Female",83.4239730834961,91.4493789672852,"74.70355224609375","32.904998779296875","13.784770011901855","3.0999999046325684","2.6874239444732666","18.252799987792969","Upper middle income countries",8.9448,5.84,10.43
"Gabon","Less Developed","Male",85.8523483276367,88.141960144043,"65.894752502441406","31.962270736694336","13.696689605712891","4.4000000953674316","4.0560698509216309","17.67494010925293","Upper middle income countries",9.1674,7.84,9.41
"Gambia","Least Developed","Female",NA,NA,"60.073890686035156","47.649269104003906","28.238430023193359","26.600000381469727","35.340038299560547","54.952720642089844","Low income countries",6.1956,5.94,6.05
"Gambia","Least Developed","Male",NA,NA,"64.274436950683594","49.890071868896484","32.780609130859375","27.700000762939453","30.195159912109375","44.462711334228516","Low income countries",7.3257,7.33,5.8
"Georgia","Less Developed","Female",NA,NA,"99.908241271972656","97.78118896484375","82.907119750976562","0.88570618629455566","0.78331190347671509","8.2262191772460938","Upper middle income countries",15.6777,NA,43.98
"Georgia","Less Developed","Male",NA,NA,"99.904556274414062","97.649307250976562","79.081382751464844","1.4672739505767822","1.5124319791793823","13.63955020904541","Upper middle income countries",15.7258,NA,38.35
"Ghana","Less Developed","Female",74.4743881225586,92.2085494995117,"73.145286560058594","50.225688934326172","8.7223024368286133","5.9853601455688477","6.4363341331481934","29.027229309082031","Lower middle income countries",8.3963,15.54,4.71
"Ghana","Less Developed","Male",83.5245819091797,92.7610015869141,"68.880439758300781","44.920261383056641","11.680489540100098","7.0418291091918945","7.7166528701782227","21.296550750732422","Lower middle income countries",9.4304,20.67,6.38
"Greece","More Developed","Female",97.3940963745117,99.0699996948242,NA,NA,NA,NA,NA,NA,"High income countries",NA,NA,NA
"Greece","More Developed","Male",98.5070495605469,99.2600021362305,NA,NA,NA,NA,NA,NA,"High income countries",NA,NA,NA
"Guatemala","Less Developed","Female",NA,NA,"76.219161987304688","45.090641021728516","25.438320159912109","5.8000001907348633","33.599998474121094","53.846500396728516","Upper middle income countries",7.4775,11.64,9.69
"Guatemala","Less Developed","Male",NA,NA,"79.972610473632812","51.747520446777344","27.178529739379883","5.0999999046325684","24","43.61846923828125","Upper middle income countries",8.1092,12.07,8.37
"Guinea","Least Developed","Female",NA,NA,"38.596240997314453","19.870790481567383","12.545100212097168","36.721820831298828","53.88690185546875","73.034439086914062","Low income countries",3.7249,5.64,4.44
"Guinea","Least Developed","Male",NA,NA,"51.783451080322266","32.728450775146484","22.022119522094727","31.455160140991211","38.374290466308594","49.570758819580078","Low income countries",7.286,13.82,7.43
"Guinea-Bissau","Least Developed","Female",NA,NA,"25.062999725341797","16.384990692138672","8.1030950546264648","26.446439743041992","26.079860687255859","35.934318542480469","Low income countries",7.6262,43.03,2.81
"Guinea-Bissau","Least Developed","Male",NA,NA,"29.224979400634766","17.811300277709961","13.712679862976074","28.916709899902344","20.389610290527344","28.521600723266602","Low income countries",8.5221,22.2,1.83
"Guyana","Less Developed","Female",NA,NA,"98.698562622070312","87.974952697753906","67.78753662109375","2.495387077331543","4.7565059661865234","12.360799789428711","Upper middle income countries",9.8569,13.81,10.02
"Guyana","Less Developed","Male",NA,NA,"96.15277099609375","78.881141662597656","53.666961669921875","2.3505539894104004","5.4926900863647461","22.376850128173828","Upper middle income countries",9.5223,14.28,7.43
"Haiti","Least Developed","Female",NA,NA,"58.396598815917969","38.157829284667969","16.480619430541992","7.5","5.2011690139770508","15.041520118713379","Low income countries",7.6393,9.59,4.24
"Haiti","Least Developed","Male",NA,NA,"48.747589111328125","31.908990859985352","17.085309982299805","8.8999996185302734","7.2105021476745605","14.086020469665527","Low income countries",8.1391,10.41,5.13
"Honduras","Less Developed","Female",87.2655563354492,98.1850967407227,"89.190757751464844","58.312931060791016","36.669380187988281","3.9058880805969238","25.857730865478516","45.028129577636719","Lower middle income countries",8.5418,18.84,16.59
"Honduras","Less Developed","Male",87.1376419067383,94.8919906616211,"85.42034912109375","49.898330688476562","29.187789916992188","5.0100569725036621","31.974700927734375","48.010879516601562","Lower middle income countries",7.8373,10.12,9.98
"India","Less Developed","Female",65.7908096313477,90.1694107055664,"91.347000122070312","79.272003173828125","39.676998138427734","6.0999999046325684","7.5483841896057129","25.741029739379883","Lower middle income countries",8.7702,NA,NA
"India","Less Developed","Male",82.3667068481445,92.9929733276367,"91.545997619628906","82.447998046875","46.471000671386719","5.8000001907348633","6.9056601524353027","21.12428092956543","Lower middle income countries",9.965,NA,NA
"Indonesia","Less Developed","Female",93.9921798706055,99.6962509155273,"97.6431884765625","90.151649475097656","62.749549865722656","1.2339529991149902","4.2785701751708984","19.006450653076172","Upper middle income countries",10.2693,14.89,17.67
"Indonesia","Less Developed","Male",97.3313369750977,99.7174835205078,"95.697021484375","86.010269165039062","63.553230285644531","1.7085449695587158","6.6638407707214355","21.633890151977539","Upper middle income countries",10.2272,12.26,15.41
"Iraq","Less Developed","Female",NA,NA,"73.199996948242188","46.599998474121094","43.299999237060547","9.5","27.700000762939453","46.099998474121094","Upper middle income countries",NA,11.14,14.19
"Iraq","Less Developed","Male",NA,NA,"77.900001525878906","46.200000762939453","45.200000762939453","7.0999999046325684","14.699999809265137","34.700000762939453","Upper middle income countries",NA,16.44,11.44
"Italy","More Developed","Female",98.9719161987305,99.9499969482422,NA,NA,NA,NA,NA,NA,"High income countries",NA,NA,NA
"Italy","More Developed","Male",99.3534469604492,99.9199981689453,NA,NA,NA,NA,NA,NA,"High income countries",NA,NA,NA
"Jamaica","Less Developed","Female",NA,NA,"99.599998474121094","96.5","83.099998474121094","0.30000001192092896","0.69063997268676758","6.8424739837646484","Upper middle income countries",NA,23.5,19.42
"Jamaica","Less Developed","Male",NA,NA,"99","96.599998474121094","80.400001525878906","0.5","0.76335060596466064","11.081549644470215","Upper middle income countries",NA,15.67,15.95
"Jordan","Less Developed","Female",97.8320770263672,99.4939117431641,"96.932373046875","87.788093566894531","63.370548248291016","2.0999999046325684","5.0999999046325684","16.399999618530273","Upper middle income countries",12.6557,42.86,43.97
"Jordan","Less Developed","Male",98.6142120361328,99.1961212158203,"96.043388366699219","86.219413757324219","48.789241790771484","3.0999999046325684","5.5","22.5","Upper middle income countries",12.0316,40.23,34.64
"Kazakhstan","Less Developed","Female",99.7389907836914,99.8509063720703,"99.900001525878906","99.699996948242188","95.699996948242188","0.40000000596046448","2.6794500648975372E-2","2.0999999046325684","Upper middle income countries",NA,66.98,30.67
"Kazakhstan","Less Developed","Male",99.8296813964844,99.9401397705078,"99.800003051757812","99.800003051757812","94.699996948242188","0.40000000596046448","0.40000000596046448","2.7999999523162842","Upper middle income countries",NA,57.56,25.34
"Kenya","Less Developed","Female",78.1889266967773,88.0800018310547,"81.599998474121094","68.599998474121094","38.200000762939453","4.6999998092651367","3.3877160549163818","11.386429786682129","Lower middle income countries",9.2616,14.19,10.87
"Kenya","Less Developed","Male",84.9888305664062,87.5899963378906,"76.599998474121094","61.200000762939453","43.900001525878906","4.5999999046325684","3.1538228988647461","9.3776340484619141","Lower middle income countries",9.9332,16.99,12.53
"Kiribati","Least Developed","Female",NA,NA,"96.451591491699219","88.421783447265625","20.356689453125","2.4090189933776855","5.2956480979919434","30.164560317993164","Lower middle income countries",NA,NA,NA
"Kiribati","Least Developed","Male",NA,NA,"92.135643005371094","68.840789794921875","12.672719955444336","3.9378740787506104","14.798839569091797","45.830730438232422","Lower middle income countries",NA,NA,NA
"Kuwait","Less Developed","Female",94.905158996582,99.503547668457,NA,NA,NA,NA,NA,NA,"High income countries",NA,NA,NA
"Kuwait","Less Developed","Male",96.6664581298828,98.7767868041992,NA,NA,NA,NA,NA,NA,"High income countries",NA,NA,NA
"Kyrgyzstan","Less Developed","Female",99.4997177124023,99.8099975585938,"99.5","98.900001525878906","84.900001525878906","0.89999997615814209","1.2000000476837158","12.699999809265137","Lower middle income countries",12.5622,49.05,39.7
"Kyrgyzstan","Less Developed","Male",99.6770095825195,99.6900024414062,"99","99","89.099998474121094","1.1000000238418579","1.5","10.199999809265137","Lower middle income countries",12.3876,41.32,33.2
"Lao People's Democratic Republic","Least Developed","Female",NA,NA,"83.314620971679688","52.879199981689453","30.573419570922852","8.3000001907348633","22.299999237060547","41.799999237060547",NA,NA,NA,NA
"Lao People's Democratic Republic","Least Developed","Male",NA,NA,"83.54376220703125","54.212348937988281","31.569049835205078","8","17.899999618530273","34.799999237060547",NA,NA,NA,NA
"Latvia","More Developed","Female",99.9064025878906,99.8600006103516,NA,NA,NA,NA,NA,NA,"High income countries",NA,NA,NA
"Latvia","More Developed","Male",99.8683700561523,99.7799987792969,NA,NA,NA,NA,NA,NA,"High income countries",NA,NA,NA
"Lebanon","Less Developed","Female",93.3050079345703,99.838981628418,NA,NA,NA,NA,NA,NA,"Upper middle income countries",NA,NA,NA
"Lebanon","Less Developed","Male",96.8546600341797,99.6627426147461,NA,NA,NA,NA,NA,NA,"Upper middle income countries",NA,NA,NA
"Lesotho","Least Developed","Female",NA,NA,"91.800003051757812","54.900001525878906","36.900001525878906","2","8.8000001907348633","27.5","Lower middle income countries",8.9796,13.08,8.89
"Lesotho","Least Developed","Male",NA,NA,"68.599998474121094","33.400001525878906","26.700000762939453","3.5","19.200000762939453","43","Lower middle income countries",7.4284,8.98,6.98
"Liberia","Least Developed","Female",NA,NA,"32.599998474121094","23.399999618530273","9.3999996185302734","16.799999237060547","18.39838981628418","34.611690521240234","Low income countries",5.5561,4.24,3.55
"Liberia","Least Developed","Male",NA,NA,"35.900001525878906","29","18","18","20.885929107666016","19.995700836181641","Low income countries",8.0188,7.74,3.82
"Madagascar","Least Developed","Female",72.3840866088867,80.6780319213867,"60.200000762939453","26.5","15","19.299999237060547","33.099998474121094","66.599998474121094","Low income countries",4.8453,3.53,2.93
"Madagascar","Least Developed","Male",77.2751388549805,81.719841003418,"51.599998474121094","26.100000381469727","15.5","24.299999237060547","38","64.900001525878906","Low income countries",4.6474,3.72,2.48
"Malawi","Least Developed","Female",NA,NA,"51.5","21.299999237060547","12.899999618530273","4.8000001907348633","7.887239933013916","36.396930694580078","Low income countries",7.032,4.87,2.23
"Malawi","Least Developed","Male",NA,NA,"42.700000762939453","23.100000381469727","15.300000190734863","6.1999998092651367","8.0389347076416016","22.920890808105469","Low income countries",7.7952,7.56,2.46
"Malaysia","Less Developed","Female",93.5048294067383,97.0185317993164,NA,NA,NA,NA,NA,NA,"Upper middle income countries",NA,NA,NA
"Malaysia","Less Developed","Male",96.123046875,96.6958236694336,NA,NA,NA,NA,NA,NA,"Upper middle income countries",NA,NA,NA
"Maldives","Less Developed","Female",NA,NA,NA,NA,NA,"0.89999997615814209","3.8307080268859863","22.879510879516602","Upper middle income countries",9.6927,7,2.93
"Maldives","Less Developed","Male",NA,NA,NA,NA,NA,"1.2000000476837158","4.1142191886901855","27.461509704589844","Upper middle income countries",9.4675,6.76,1.53
"Mali","Least Developed","Female",25.7351608276367,43.3981094360352,"40.700000762939453","25.100000381469727","11.800000190734863","49.5","63","79.800003051757812","Low income countries",2.6172,1.74,1.71
"Mali","Least Developed","Male",46.184139251709,57.8332595825195,"49.700000762939453","35.799999237060547","23.100000381469727","44.900001525878906","55.400001525878906","70.400001525878906","Low income countries",4.5882,5.64,4.21
"Malta","More Developed","Female",95.9887237548828,99.5608825683594,NA,NA,NA,NA,NA,NA,"High income countries",NA,NA,NA
"Malta","More Developed","Male",93.0099716186523,99.0569534301758,NA,NA,NA,NA,NA,NA,"High income countries",NA,NA,NA
"Mauritania","Least Developed","Female",NA,NA,"57.8968505859375","40.193408966064453","23.235689163208008","40","41.810169219970703","59.628410339355469","Lower middle income countries",NA,4.07,3.7
"Mauritania","Least Developed","Male",NA,NA,"68.495567321777344","53.450908660888672","31.298059463500977","43.900001525878906","40.184780120849609","55.612800598144531","Lower middle income countries",NA,11.11,8.54
"Mauritius","Less Developed","Female",89.3663787841797,99.3534164428711,NA,NA,NA,NA,NA,NA,"High income countries",NA,NA,NA
"Mauritius","Less Developed","Male",93.3573532104492,98.7379837036133,NA,NA,NA,NA,NA,NA,"High income countries",NA,NA,NA
"Mexico","Less Developed","Female",94.6080474853516,99.3884735107422,"98.300003051757812","89.699996948242188","60.400001525878906","1.1000000238418579","5.4000000953674316","23.799999237060547","Upper middle income countries",10.9173,NA,23.48
"Mexico","Less Developed","Male",96.2329025268555,99.2486419677734,"97.5","87.400001525878906","55.900001525878906","1.2000000476837158","6.5","26","Upper middle income countries",10.6869,NA,21.39
"Mongolia","Less Developed","Female",98.6488876342773,99.0800018310547,"98.45123291015625","93.007698059082031","73.103050231933594","2.5999999046325684","3.2999999523162842","5.4000000953674316","Lower middle income countries",NA,77.61,48.6
"Mongolia","Less Developed","Male",98.1860122680664,98.1900024414062,"96.326316833496094","87.101226806640625","60.067668914794922","4.6999998092651367","5.3000001907348633","15.399999618530273","Lower middle income countries",NA,64.67,39.62
"Montenegro","More Developed","Female",98.2713470458984,98.9700012207031,"97.518806457519531","96.706291198730469","89.916656494140625","3.1275539398193359","1.6495679616928101","6.4442248344421387","Upper middle income countries",NA,45.54,58.48
"Montenegro","More Developed","Male",99.4504699707031,99.2300033569336,"94.519416809082031","92.710479736328125","82.537246704101562","3.733212947845459","0.98554462194442749","9.2915992736816406","Upper middle income countries",NA,36.59,39.07
"Morocco","Less Developed","Female",64.5913772583008,97.4000015258789,NA,NA,NA,NA,NA,NA,"Lower middle income countries",4.5615,5.76,5.46
"Morocco","Less Developed","Male",83.3013534545898,98.0400009155273,NA,NA,NA,NA,NA,NA,"Lower middle income countries",6.2998,7.49,6.43
"Mozambique","Least Developed","Female",NA,NA,"39.189701080322266","10.651450157165527","5.264625072479248","23","38.299999237060547","63.299999237060547","Low income countries",5.8544,2.04,1.41
"Mozambique","Least Developed","Male",NA,NA,"43.645168304443359","14.967180252075195","8.3742132186889648","22.899999618530273","28","43.200000762939453","Low income countries",7.374,4.19,1.98
"Myanmar","Least Developed","Female",NA,NA,"84.397918701171875","45.013950347900391","19.256750106811523","6.9000000953674316","17.399999618530273","48.900001525878906","Lower middle income countries",7.0953,NA,13.27
"Myanmar","Least Developed","Male",NA,NA,"81.712028503417969","44.584648132324219","13.850979804992676","5.4000000953674316","15.5","54.299999237060547","Lower middle income countries",7.0315,NA,9.58
"Namibia","Less Developed","Female",91.4364318847656,96.1984405517578,"86.099998474121094","62.299999237060547","39.099998474121094","3.7999999523162842","12.109649658203125","35.411491394042969","Upper middle income countries",9.9276,9.46,16.55
"Namibia","Less Developed","Male",91.6274185180664,94.1093673706055,"75","48.099998474121094","33.200000762939453","5.0999999046325684","11.236189842224121","32.177200317382812","Upper middle income countries",9.1214,10.74,11.56
"Nauru","Less Developed","Female",NA,NA,NA,NA,NA,"2.2999999523162842",NA,NA,NA,NA,NA,NA
"Nauru","Less Developed","Male",NA,NA,NA,NA,NA,"3.0999999046325684",NA,NA,NA,NA,NA,NA
"Nepal","Least Developed","Female",59.7244300842285,90.8834686279297,"82.873336791992188","75.146141052246094","27.602970123291016","6.5806398391723633","4.4802279472351074","14.959839820861816","Lower middle income countries",7.3813,21.15,30.06
"Nepal","Least Developed","Male",78.5913391113281,94.0342788696289,"80.698081970214844","70.90484619140625","26.830900192260742","4.6161370277404785","4.1706881523132324","15.169260025024414","Lower middle income countries",8.4227,28.35,39.36
"Nicaragua","Less Developed","Female",NA,NA,NA,NA,NA,NA,NA,NA,"Lower middle income countries",8.5681,NA,14.02
"Nicaragua","Less Developed","Male",NA,NA,NA,NA,NA,NA,NA,NA,"Lower middle income countries",7.6148,NA,11.34
"Niger","Least Developed","Female",26.6499996185303,35.560001373291,"23.568429946899414","3.5573740005493164","1.3814359903335571","53.799999237060547","72.586090087890625","91.179443359375","Low income countries",1.3597,0.6,0.62
"Niger","Least Developed","Male",43.5940589904785,51.0699996948242,"34.819999694824219","10.347999572753906","3.900684118270874","44.700000762939453","67.231361389160156","78.524757385253906","Low income countries",3.0767,1.67,1.62
"Nigeria","Less Developed","Female",52.6564788818359,68.2626266479492,"70.699996948242188","59.299999237060547","43.5","28.600000381469727","28.600000381469727","34.099998474121094","Lower middle income countries",7.0112,20.43,11
"Nigeria","Less Developed","Male",71.2557067871094,81.5806427001953,"70.5","66.199996948242188","57","26.600000381469727","24.600000381469727","31.100000381469727","Lower middle income countries",9.0196,24.14,12.96
"North Macedonia","More Developed","Female",NA,NA,"99.641693115234375","95.0386962890625","78.927871704101562","1.3506690263748169","2.4302299022674561","11.605369567871094","Upper middle income countries",14.3088,62.1,48.5
"North Macedonia","More Developed","Male",NA,NA,"97.024581909179688","93.065826416015625","86.400978088378906","1.9415459632873535","1.0304180383682251","12.965370178222656","Upper middle income countries",14.2192,45.53,36.39
"Oman","Less Developed","Female",92.6939926147461,98.9794311523438,NA,NA,NA,"2",NA,NA,"High income countries",NA,NA,NA
"Oman","Less Developed","Male",96.9894180297852,98.3566284179688,NA,NA,NA,"2.9000000953674316",NA,NA,"High income countries",NA,NA,NA
"Pakistan","Less Developed","Female",NA,NA,"55.420429229736328","44.622398376464844","23.328130722045898","26.700000762939453","31.929599761962891","54.185279846191406","Lower middle income countries",5.5427,11.58,9.07
"Pakistan","Less Developed","Male",NA,NA,"64.035003662109375","54.692939758300781","23.559850692749023","19.399999618530273","21.730129241943359","37.500568389892578","Lower middle income countries",7.2347,18.86,12.08
"Panama","Less Developed","Female",94.881721496582,98.8742904663086,"95.5","80.599998474121094","68.300003051757812","0.80000001192092896","3.4133899211883545","16.834379196166992","High income countries",NA,37.9,38.91
"Panama","Less Developed","Male",95.9689331054688,99.3122024536133,"94.800003051757812","75","56.5","1","4.4000000953674316","23.278379440307617","High income countries",NA,16.55,27.9
"Paraguay","Less Developed","Female",93.5317077636719,98.8678436279297,"95.599998474121094","79.199996948242188","66.5","0.80000001192092896","6.5999999046325684","25.899999618530273","Upper middle income countries",11.6288,37.85,2.53
"Paraguay","Less Developed","Male",94.5114822387695,97.732421875,"92.599998474121094","80.599998474121094","59.700000762939453","0.5","8.6000003814697266","25.700000762939453","Upper middle income countries",11.1014,28.51,1.65
"Peru","Less Developed","Female",91.7031097412109,98.9669723510742,"95.099998474121094","82.599998474121094","71.699996948242188","2.4000000953674316","7.0999999046325684","16.100000381469727","Upper middle income countries",10.812,33,30.24
"Peru","Less Developed","Male",97.1213684082031,99.0792007446289,"94.900001525878906","82.599998474121094","77.699996948242188","2.5","7","14.899999618530273","Upper middle income countries",10.9805,34.17,28.68
"Philippines","Less Developed","Female",NA,NA,"95.155616760253906","87.70587158203125","83.263893127441406","1.6000000238418579","3.1776978969573975","4.3355898857116699","Lower middle income countries",10.929,37.97,22.14
"Philippines","Less Developed","Male",NA,NA,"88.540946960449219","75.163803100585938","74.142692565917969","2.5999999046325684","5.3405170440673828","12.817390441894531","Lower middle income countries",9.8439,32.64,21.68
"Portugal","More Developed","Female",95.0725173950195,99.7015609741211,NA,NA,NA,NA,NA,NA,"High income countries",NA,NA,NA
"Portugal","More Developed","Male",97.3536224365234,99.6265716552734,NA,NA,NA,NA,NA,NA,"High income countries",NA,NA,NA
"Qatar","Less Developed","Female",NA,NA,NA,NA,NA,"2.2999999523162842","3.1388518810272217","6.8280119895935059","High income countries",NA,NA,NA
"Qatar","Less Developed","Male",NA,NA,NA,NA,NA,"3","2.3625369071960449","6.0766592025756836","High income countries",NA,NA,NA
"Republic of Moldova","More Developed","Female",NA,NA,"99.477569580078125","97.864143371582031","71.110809326171875","0.69999998807907104","1.4217979907989502","19.657979965209961",NA,NA,NA,NA
"Republic of Moldova","More Developed","Male",NA,NA,"98.722053527832031","95.076751708984375","62.686489105224609","0.60000002384185791","3.8454759120941162","29.685630798339844",NA,NA,NA,NA
"Romania","More Developed","Female",98.5997695922852,99.4396820068359,NA,NA,NA,"8.6000003814697266","10.199999809265137",NA,"High income countries",NA,NA,NA
"Romania","More Developed","Male",99.1080093383789,99.4193801879883,NA,NA,NA,"8.3000001907348633","9.6999998092651367",NA,"High income countries",NA,NA,NA
"Russian Federation","More Developed","Female",99.7341079711914,99.7490921020508,NA,NA,NA,NA,NA,NA,NA,NA,NA,NA
"Russian Federation","More Developed","Male",99.7251586914062,99.6499710083008,NA,NA,NA,NA,NA,NA,NA,NA,NA,NA
"Rwanda","Least Developed","Female",69.3945388793945,88.501823425293,"60.900001525878906","30.100000381469727","15.899999618530273","4.4000000953674316","25.600000381469727","59.400001525878906","Low income countries",6.099,4.9,1.9
"Rwanda","Least Developed","Male",77.5587997436523,84.325927734375,"47.900001525878906","25.299999237060547","19.100000381469727","6.5999999046325684","26","58","Low income countries",6.4437,7.46,2.03
"Saint Lucia","Less Developed","Female",NA,NA,"99","98.143753051757812","89.699996948242188","0.60000002384185791","0.95882099866867065","13.800000190734863","Upper middle income countries",NA,31.53,12.04
"Saint Lucia","Less Developed","Male",NA,NA,"99.199996948242188","85.487098693847656","69.599998474121094","0","1.2105790376663208","20.200000762939453","Upper middle income countries",NA,18.88,4.91
"Samoa","Less Developed","Female",99.2450408935547,99.4357528686523,"99.214439392089844","98.815933227539062","65.603057861328125","6.7178702354431152","3.4791009426116943","13.355930328369141",NA,NA,NA,NA
"Samoa","Less Developed","Male",98.9560928344727,98.8415069580078,"96.243637084960938","94.845191955566406","47.758201599121094","7.1249980926513672","6.5851149559020996","25.306020736694336",NA,NA,NA,NA
"San Marino","More Developed","Female",99.9019088745117,100,NA,NA,NA,NA,NA,NA,NA,NA,NA,NA
"San Marino","More Developed","Male",99.9320831298828,100,NA,NA,NA,NA,NA,NA,NA,NA,NA,NA
"Sao Tome and Principe","Least Developed","Female",89.5157318115234,97.8541793823242,"92.105583190917969","59.841751098632812","30.680139541625977","2.9713521003723145","4.2260499000549316","15.673319816589355",NA,NA,NA,NA
"Sao Tome and Principe","Least Developed","Male",96.1626815795898,97.7124633789062,"82.172187805175781","59.974681854248047","26.436750411987305","3.7136731147766113","8.6504745483398438","17.878610610961914",NA,NA,NA,NA
"Senegal","Least Developed","Female",NA,NA,"50.444049835205078","30.465969085693359","9.7395944595336914","37.664440155029297","36.296730041503906","55.667579650878906","Lower middle income countries",4.6228,4.63,2.61
"Senegal","Least Developed","Male",NA,NA,"43.697959899902344","27.397010803222656","11.268750190734863","39.953811645507812","42.458568572998047","53.299240112304688","Lower middle income countries",5.7464,7.88,3.22
"Serbia","More Developed","Female",NA,NA,"99.700340270996094","99.466476440429688","92.224716186523438","1.0261679887771606","0.43215179443359375","4.0220389366149902","Upper middle income countries",13.9705,55.7,58.71
"Serbia","More Developed","Male",NA,NA,"100","99.5797119140625","96.424552917480469","0.15424160659313202","0","3.6268489360809326","Upper middle income countries",13.1516,40.51,49.3
"Seychelles","Less Developed","Female",96.3501968383789,99.5999984741211,NA,NA,NA,NA,NA,NA,"High income countries",NA,NA,NA
"Seychelles","Less Developed","Male",95.4117584228516,98.5599975585938,NA,NA,NA,NA,NA,NA,"High income countries",NA,NA,NA
"Sierra Leone","Least Developed","Female",34.8520317077637,62.69921875,"65.099998474121094","41.900001525878906","17.5","14.699999809265137","17.600000381469727","39.700000762939453","Low income countries",4.4287,7.67,3.07
"Sierra Leone","Least Developed","Male",51.6468811035156,70.5761108398438,"63.299999237060547","47.299999237060547","27.399999618530273","19.799999237060547","20.200000762939453","31.399999618530273","Low income countries",6.7763,11.68,3.22
"Singapore","Less Developed","Female",95.9194107055664,99.9423675537109,NA,NA,NA,NA,NA,NA,"High income countries",NA,NA,NA
"Singapore","Less Developed","Male",98.8508987426758,99.9174194335938,NA,NA,NA,NA,NA,NA,"High income countries",NA,NA,NA
"Somalia","Least Developed","Female",NA,NA,NA,NA,NA,NA,NA,NA,"Low income countries",7.5666,NA,9.23
"Somalia","Least Developed","Male",NA,NA,NA,NA,NA,NA,NA,NA,"Low income countries",10.3148,NA,14.11
"South Africa","Less Developed","Female",NA,NA,"97.922317504882812","91.388313293457031","51.866809844970703","0.80000001192092896","4.3000001907348633","17.100000381469727","Upper middle income countries",NA,NA,NA
"South Africa","Less Developed","Male",NA,NA,"94.723609924316406","85.417800903320312","44.761428833007812","1.2000000476837158","6.0999999046325684","14.800000190734863","Upper middle income countries",NA,NA,NA
"South Sudan","Least Developed","Female",28.8642597198486,47.3692016601562,"18.263950347900391","9.7607135772705078","4.0078630447387695","75","67.330406188964844","68.006477355957031","Low income countries",7.9758,0,1.94
"South Sudan","Least Developed","Male",40.2648086547852,48.4251403808594,"31.392860412597656","22.300609588623047","11.514289855957031","69.800003051757812","58.961849212646484","51.381149291992188","Low income countries",9.5011,0,4.25
"Spain","More Developed","Female",97.9737777709961,99.743896484375,NA,NA,NA,NA,NA,NA,"High income countries",NA,NA,NA
"Spain","More Developed","Male",98.9253921508789,99.6884994506836,NA,NA,NA,NA,NA,NA,"High income countries",NA,NA,NA
"Sri Lanka","Less Developed","Female",90.7956008911133,99.0445938110352,"99.392143249511719","96.285140991210938","42.653060913085938","2.0599479675292969","0.74520868062973022","15.610830307006836","Lower middle income countries",NA,NA,NA
"Sri Lanka","Less Developed","Male",92.7729263305664,98.5094833374023,"98.521728515625","93.983772277832031","32.289531707763672","2.1611249446868896","1.0363930463790894","22.696489334106445","Lower middle income countries",NA,NA,NA
"State of Palestine","Less Developed","Female",95.7419509887695,99.3823928833008,"99.576133728027344","94.497688293457031","73.594497680664062","0.90490478277206421","1.5764529705047607","11.878330230712891",NA,NA,NA,NA
"State of Palestine","Less Developed","Male",98.6577606201172,99.2922286987305,"99.437400817871094","77.841087341308594","51.215038299560547","1.8808649778366089","6.0535140037536621","29.668849945068359",NA,NA,NA,NA
"Sudan","Least Developed","Female",56.0632286071777,73.4899978637695,"63.834949493408203","51.969711303710938","28.143699645996094","21.413730621337891","24.5","35.528659820556641","Low income countries",NA,19.09,17.06
"Sudan","Least Developed","Male",65.4351501464844,72.5100021362305,"65.752006530761719","48.777988433837891","33.150230407714844","20.382570266723633","16.200000762939453","28.917259216308594","Low income countries",NA,20.07,14.58
"Suriname","Less Developed","Female",92.7120590209961,98.3999633789062,"89.929176330566406","57.911048889160156","26.467779159545898","1.8999999761581421","5.5","18","Upper middle income countries",NA,11.93,13.17
"Suriname","Less Developed","Male",96.0740432739258,98.8754425048828,"80.010406494140625","41.079700469970703","18.206460952758789","2.9000000953674316","7.8000001907348633","30.299999237060547","Upper middle income countries",NA,5.77,11.87
"Tajikistan","Less Developed","Female",NA,NA,"97.845848083496094","93.45440673828125","62.710929870605469","2.2000000476837158","4.437201976776123","37.288059234619141","Low income countries",9.3959,12.64,10.42
"Tajikistan","Less Developed","Male",NA,NA,"99.029586791992188","95.354698181152344","80.348846435546875","1.5","1.2627179622650146","17.991100311279297","Low income countries",11.392,28.87,28.33
"Thailand","Less Developed","Female",92.4285583496094,98.5939331054688,"98.797523498535156","91.866523742675781","71.667732238769531","1.0691759586334229","1.605355978012085","11.189749717712402","Upper middle income countries",12.8818,60.36,33.29
"Thailand","Less Developed","Male",95.202392578125,97.6908798217773,"98.487228393554688","81.120529174804688","59.423610687255859","1.0861330032348633","5.1435418128967285","25.135540008544922","Upper middle income countries",11.4759,50.84,24.24
"Timor-Leste","Least Developed","Female",64.2109375,84.6505126953125,"84.8221435546875","69.677131652832031","54.656509399414062","8.8999996185302734","7.818324089050293","14.416879653930664","Lower middle income countries",9.054,4.33,4.42
"Timor-Leste","Least Developed","Male",71.8687210083008,82.4584808349609,"76.861488342285156","62.57794189453125","49.078838348388672","10","9.5540771484375","18.697349548339844","Lower middle income countries",9.4763,8.67,5.32
"Togo","Least Developed","Female",NA,NA,"76.371940612792969","39.109958648681641","11.923230171203613","8.7830705642700195","14.349490165710449","40.178749084472656","Low income countries",6.3749,4.05,5.99
"Togo","Least Developed","Male",NA,NA,"83.032119750976562","54.92266845703125","31.181789398193359","7.5986819267272949","9.9686412811279297","20.266090393066406","Low income countries",8.2202,14.51,8.11
"Tonga","Less Developed","Female",99.4750289916992,99.5397796630859,"98.64031982421875","76.237907409667969","56.312709808349609","3.5902099609375","7.7510061264038086","29.37261962890625","Upper middle income countries",NA,NA,19.85
"Tonga","Less Developed","Male",99.3509826660156,99.3487091064453,"97.791397094726562","65.175346374511719","45.182399749755859","3.709104061126709","13.792389869689941","50.191650390625","Upper middle income countries",NA,NA,18.97
"Trinidad and Tobago","Less Developed","Female",NA,NA,NA,NA,NA,"0.80000001192092896","2.7916529178619385","7.7332592010498047",NA,NA,NA,NA
"Trinidad and Tobago","Less Developed","Male",NA,NA,NA,NA,NA,"1.2999999523162842","2.0157690048217773","11.638970375061035",NA,NA,NA,NA
"Tunisia","Less Developed","Female",NA,NA,"96.5","80.199996948242188","57.400001525878906","2.7000000476837158","6.8000001907348633","20.899999618530273","Lower middle income countries",NA,34.36,31.81
"Tunisia","Less Developed","Male",NA,NA,"93.599998474121094","68.400001525878906","40.099998474121094","2.9000000953674316","7.0999999046325684","32.5","Lower middle income countries",NA,28.33,21.23
"Turkey","Less Developed","Female",NA,NA,"97.853721618652344","91.654052734375","43.577709197998047","2.5","3.3815100193023682",NA,"Upper middle income countries",9.5799,NA,16.02
"Turkey","Less Developed","Male",NA,NA,"99.025283813476562","96.089897155761719","51.190841674804688","5.0999999046325684","1.6633080244064331",NA,"Upper middle income countries",10.3613,NA,NA
"Turkmenistan","Less Developed","Female",NA,NA,"100","98.907791137695312","97.224037170410156","0.94718712568283081","0.93591958284378052","0.87801998853683472","Upper middle income countries",10.3294,7.32,5.17
"Turkmenistan","Less Developed","Male",NA,NA,"100","99.133079528808594","96.631202697753906","1.624163031578064","0.57974821329116821","0.99879032373428345","Upper middle income countries",10.7798,16.81,9.77
"Turks and Caicos Islands","Not Classified","Female",NA,NA,"100","100","95.886619567871094","0.61130362749099731","0.24959540367126465","15.222809791564941",NA,NA,NA,NA
"Turks and Caicos Islands","Not Classified","Male",NA,NA,"97.928627014160156","98.086662292480469","99.628959655761719","3.6135709285736084","0","8.1405296325683594",NA,NA,NA,NA
"Tuvalu","Least Developed","Female",NA,NA,"100","91.400688171386719","60.479000091552734","15.257399559020996","17.307920455932617","36.827671051025391",NA,NA,NA,NA
"Tuvalu","Least Developed","Male",NA,NA,"98.494033813476562","73.991790771484375","45.387081146240234","16.324810028076172","26.126319885253906","67.768806457519531",NA,NA,NA,NA
"Uganda","Least Developed","Female",70.8380584716797,89.9506378173828,"43.374629974365234","23.324850082397461","15.251689910888672","8.1000003814697266","23.437490463256836","67.661628723144531","Low income countries",7.0743,9.17,4.89
"Uganda","Least Developed","Male",82.6560134887695,88.8268966674805,"39.017051696777344","26.855480194091797","18.297370910644531","8.6000003814697266","22.160150527954102","53.179050445556641","Low income countries",7.8875,11.37,5.7
"Ukraine","More Developed","Female",NA,NA,"99.300003051757812","99.599998474121094","96.800003051757812","1.5","1.1000000238418579","1.2000000476837158","Lower middle income countries",14.2906,74.74,55.46
"Ukraine","More Developed","Male",NA,NA,"100","99.599998474121094","96.900001525878906","1.8999999761581421","0.69999998807907104","1.8999999761581421","Lower middle income countries",13.9519,66.58,46.94
"United Republic of Tanzania","Least Developed","Female",NA,NA,"83.5","26.700000762939453","26.899999618530273","14","58.299999237060547","80.600128173828125",NA,NA,NA,NA
"United Republic of Tanzania","Least Developed","Male",NA,NA,"75.199996948242188","30.899999618530273","32.200000762939453","17.799999237060547","55.799999237060547","74.336357116699219",NA,NA,NA,NA
"United States","More Developed","Female",NA,NA,NA,NA,NA,NA,NA,NA,"High income countries",12.7073,NA,NA
"United States","More Developed","Male",NA,NA,NA,NA,NA,NA,NA,NA,"High income countries",12.348,NA,NA
"Uruguay","Less Developed","Female",99.0077362060547,99.1659927368164,"98.323516845703125","72.569328308105469","29.298990249633789","0.80000001192092896","11.264249801635742","15.102199554443359","High income countries",NA,23.7,23.55
"Uruguay","Less Developed","Male",98.3713607788086,98.6047515869141,"96.375938415527344","65.631591796875","47.933109283447266","0.89999997615814209","6.9152050018310547","26.660139083862305","High income countries",NA,9.47,23.69
"Uzbekistan","Less Developed","Female",99.9858703613281,99.9999237060547,NA,NA,NA,NA,NA,NA,"Lower middle income countries",NA,NA,6.38
"Uzbekistan","Less Developed","Male",99.9999771118164,99.9999313354492,NA,NA,NA,NA,NA,NA,"Lower middle income countries",NA,NA,9
"Vanuatu","Least Developed","Female",86.7060928344727,96.5966110229492,NA,NA,NA,NA,NA,NA,"Lower middle income countries",NA,NA,NA
"Vanuatu","Least Developed","Male",88.3063507080078,95.9765701293945,NA,NA,NA,NA,NA,NA,"Lower middle income countries",NA,NA,NA
"Viet Nam","Less Developed","Female",93.5967102050781,98.353141784668,"97","86.599998474121094","61.099998474121094","1.7999999523162842","5.8731579780578613","21.799999237060547","Lower middle income countries",7.796,23.54,28.55
"Viet Nam","Less Developed","Male",96.4567794799805,98.4601211547852,"96.300003051757812","80.900001525878906","50.299999237060547","1.3999999761581421","6.1581621170043945","26.399999618530273","Lower middle income countries",7.7338,19.89,23.19
"Yemen","Least Developed","Female",NA,NA,"54.799999237060547","39.299999237060547","23.399999618530273","27.100000381469727","31.706939697265625","53.900001525878906","Low income countries",NA,8.11,5.45
"Yemen","Least Developed","Male",NA,NA,"70.300003051757812","54.5","36.799999237060547","19","11.989450454711914","28.399999618530273","Low income countries",NA,12.85,8.96
"Zambia","Least Developed","Female",83.0834426879883,91.6281890869141,"73.335319519042969","49.609348297119141","26.924600601196289","13.258029937744141","26.749200820922852","60.626918792724609","Lower middle income countries",7.7686,6.26,3.19
"Zambia","Least Developed","Male",90.6011810302734,92.5596389770508,"70.944770812988281","54.051868438720703","33.276039123535156","18.052749633789062","19.574529647827148","43.931209564208984","Lower middle income countries",9.0038,8.95,2.73
"Zimbabwe","Less Developed","Female",NA,NA,"91.599998474121094","52.900001525878906","13.600000381469727","4","16.399999618530273","54.299999237060547","Lower middle income countries",9.7177,6.97,3.88
"Zimbabwe","Less Developed","Male",NA,NA,"86.400001525878906","44.5","17.200000762939453","5.4000000953674316","21.799999237060547","48.200000762939453","Lower middle income countries",10.0256,11.77,5.59
"Kosovo under UNSC res. 1244*","Not Classified","Female",NA,NA,"98.8","97.1","86.6","1.7","2.5","8.1",NA,NA,NA,NA
"Kosovo under UNSC res. 1244*","Not Classified","Male",NA,NA,"98.1","95.8","87.9","2.4","2.8","10.8",NA,NA,NA,NA
"Bolivia","Less Developed","Female",NA,NA,NA,NA,NA,NA,NA,NA,"Lower middle income countries",12.3852,37.9,45.99
"Bolivia","Less Developed","Male",NA,NA,NA,NA,NA,NA,NA,NA,"Lower middle income countries",12.326,39.49,44.68
"Bosnia/Herzeg.","Less Developed","Female",NA,NA,NA,NA,NA,NA,NA,NA,"Upper middle income countries",NA,29.09,42.12
"Bosnia/Herzeg.","Less Developed","Male",NA,NA,NA,NA,NA,NA,NA,NA,"Upper middle income countries",NA,19.92,32.65
"C. A. R.","Least Developed","Female",NA,NA,NA,NA,NA,NA,NA,NA,"Low income countries",NA,2.21,0.74
"C. A. R.","Least Developed","Male",NA,NA,NA,NA,NA,NA,NA,NA,"Low income countries",NA,2.71,0.89
"D. R. Congo","Least Developed","Female",NA,NA,NA,NA,NA,NA,NA,NA,"Low income countries",9.2324,25.41,7.76
"D. R. Congo","Least Developed","Male",NA,NA,NA,NA,NA,NA,NA,NA,"Low income countries",10.678,18.79,8.84
"Dominican Rep.","Less Developed","Female",NA,NA,NA,NA,NA,NA,NA,NA,"Upper middle income countries",11.1035,34.52,32.46
"Dominican Rep.","Less Developed","Male",NA,NA,NA,NA,NA,NA,NA,NA,"Upper middle income countries",9.7653,20.29,18.75
"Lao PDR","Less Developed","Female",NA,NA,NA,NA,NA,NA,NA,NA,"Lower middle income countries",NA,16.33,10.67
"Lao PDR","Less Developed","Male",NA,NA,NA,NA,NA,NA,NA,NA,"Lower middle income countries",NA,19.1,9.48
"Palestine","Less Developed","Female",NA,NA,NA,NA,NA,NA,NA,NA,"Lower middle income countries",NA,45.86,45.23
"Palestine","Less Developed","Male",NA,NA,NA,NA,NA,NA,NA,NA,"Lower middle income countries",NA,39.53,35.51
"Rep. Moldova","Less Developed","Female",NA,NA,NA,NA,NA,NA,NA,NA,"Lower middle income countries",12.1966,46.18,43.03
"Rep. Moldova","Less Developed","Male",NA,NA,NA,NA,NA,NA,NA,NA,"Lower middle income countries",11.4702,37.1,32.87
"Rep. of Korea","More Developed","Female",NA,NA,NA,NA,NA,NA,NA,NA,"High income countries",13.1932,NA,NA
"Rep. of Korea","More Developed","Male",NA,NA,NA,NA,NA,NA,NA,NA,"High income countries",12.1769,NA,NA
"S. Tome/Principe","Less Developed","Female",NA,NA,NA,NA,NA,NA,NA,NA,"Lower middle income countries",5.997,3.9,4.19
"S. Tome/Principe","Less Developed","Male",NA,NA,NA,NA,NA,NA,NA,NA,"Lower middle income countries",6.3726,5.43,2.76
"Syrian A. R.","Least Developed","Female",NA,NA,NA,NA,NA,NA,NA,NA,"Low income countries",NA,NA,15.47
"Syrian A. R.","Least Developed","Male",NA,NA,NA,NA,NA,NA,NA,NA,"Low income countries",NA,NA,14.56
"Trinidad/Tobago","More Developed","Female",NA,NA,NA,NA,NA,NA,NA,NA,"High income countries",NA,NA,13.29
"Trinidad/Tobago","More Developed","Male",NA,NA,NA,NA,NA,NA,NA,NA,"High income countries",NA,NA,6.72
"U. R. Tanzania","Less Developed","Female",NA,NA,NA,NA,NA,NA,NA,NA,"Lower middle income countries",8.4395,2.96,2.26
"U. R. Tanzania","Less Developed","Male",NA,NA,NA,NA,NA,NA,NA,NA,"Lower middle income countries",8.3612,4.3,2.99
